pictureName;period;témakör ;category;task_no;task_point_no
2022majid1;2022. május idegennyelvű;Halmazok;Halmazok;1;2
2022majid2;2022. május idegennyelvű;Síkgeometria;Síkgeometria;2;2
2022majid3;2022. május idegennyelvű;Számok és műveletek, számelmélet;Számok és műveletek, számelmélet;3;2
2022majid4;2022. május idegennyelvű;Számok és műveletek, számelmélet;Számok és műveletek, számelmélet;4;2
2022majid5;2022. május idegennyelvű;Függvények;Függvények;5;3
2022majid6;2022. május idegennyelvű;Statisztika;Statisztika;6;2
2022majid7;2022. május idegennyelvű;Függvények;Függvények;7;2
2022majid8;2022. május idegennyelvű;Síkgeometria;Síkgeometria;8;2
2022majid9;2022. május idegennyelvű;Exponenciális és logaritmusos feladatok;Exponenciális és logaritmusos feladatok;9;3
2022majid10;2022. május idegennyelvű;Statisztika;Statisztika;10;3
2022majid11;2022. május idegennyelvű;Kombinatorika;Kombinatorika;11;3
2022majid12;2022. május idegennyelvű;Gráfok;Gráfok;12;4
2022majid13;2022. május idegennyelvű;Egyenletek, egyenlőtlenségek, egyenletrendszerek;Összetett;13;11
2022majid14;2022. május idegennyelvű;Sorozatok;Összetett;14;12
2022majid15;2022. május idegennyelvű;Térgeometria;Összetett;15;13
2022majid16;2022. május idegennyelvű;;Összetett;16;17
2022majid17;2022. május idegennyelvű;;Összetett;17;17
2022majid18;2022. május idegennyelvű;;Összetett;18;17
2022maj1;2022. május;Halmazok;Halmazok;1;2
2022maj2;2022. május;Gráfok;Gráfok;2;2
2022maj3;2022. május;Egyenletek, egyenlőtlenségek, egyenletrendszerek;Egyenletek, egyenlőtlenségek, egyenletrendszerek;3;2
2022maj4;2022. május;Függvények;Függvények;4;2
2022maj5;2022. május;Trigonometria;Trigonometria;5;3
2022maj6;2022. május;Kombinatorika;Kombinatorika;6;2
2022maj7;2022. május;Sorozatok;Sorozatok;7;4
2022maj8;2022. május;Vektorok, koordinátageometria;Vektorok, koordinátageometria;8;2
2022maj9;2022. május;Vektorok, koordinátageometria;Vektorok, koordinátageometria;9;2
2022maj10;2022. május;Függvények;Függvények;10;2
2022maj11;2022. május;Statisztika;Statisztika;11;3
2022maj12;2022. május;Valószínűségszámítás;Valószínűségszámítás;12;2
2022maj13;2022. május;Egyenletek, egyenlőtlenségek, egyenletrendszerek;Összetett;13;11
2022maj14;2022. május;Statisztika;Összetett;14;12
2022maj15;2022. május;;Összetett;15;13
2022maj16;2022. május;;Összetett;16;17
2022maj17;2022. május;;Összetett;17;17
2022maj18;2022. május;;Összetett;18;17
2021okt1;2021. október;Halmazok;Halmazok;1;2
2021okt2;2021. október;Kombinatorika;Kombinatorika;2;2
2021okt3;2021. október;Síkgeometria;Síkgeometria;3;3
2021okt4;2021. október;Számok és műveletek, számelmélet;Számok és műveletek, számelmélet;4;2
2021okt5;2021. október;Függvények;Függvények;5;2
2021okt6;2021. október;Térgeometria;Térgeometria;6;2
2021okt7;2021. október;Statisztika;Statisztika;7;3
2021okt8;2021. október;Exponenciális és logaritmusos feladatok;Exponenciális és logaritmusos feladatok;8;2
2021okt9;2021. október;Számok és műveletek, számelmélet;Számok és műveletek, számelmélet;9;3
2021okt10;2021. október;Sorozatok;Sorozatok;10;2
2021okt11;2021. október;Vektorok, koordinátageometria;Vektorok, koordinátageometria;11;4
2021okt12;2021. október;Valószínűségszámítás;Valószínűségszámítás;12;3
2021okt13;2021. október;Számok és műveletek, számelmélet;Összetett;13;12
2021okt14;2021. október;Térgeometria;Összetett;14;11
2021okt15;2021. október;Statisztika;Összetett;15;13
2021okt16;2021. október;Vektorok, koordinátageometria;Összetett;16;17
2021okt17;2021. október;Sorozatok;Összetett;17;17
2021okt18;2021. október;Halmazok;Összetett;18;17
2021maj1;2021. május;Sorozatok;Sorozatok;1;2
2021maj2;2021. május;Számok és műveletek, számelmélet;Számok és műveletek, számelmélet;2;2
2021maj3;2021. május;Halmazok;Halmazok;3;2
2021maj4;2021. május;Síkgeometria;Síkgeometria;4;4
2021maj5;2021. május;Logika;Logika;5;2
2021maj6;2021. május;Statisztika;Statisztika;6;4
2021maj7;2021. május;Számok és műveletek, számelmélet;Számok és műveletek, számelmélet;7;2
2021maj8;2021. május;Függvények;Függvények;8;2
2021maj9;2021. május;Síkgeometria;Síkgeometria;9;2
2021maj10;2021. május;Egyenletek, egyenlőtlenségek, egyenletrendszerek;Egyenletek, egyenlőtlenségek, egyenletrendszerek;10;2
2021maj11;2021. május;Trigonometria;Trigonometria;11;2
2021maj12;2021. május;Valószínűségszámítás;Valószínűségszámítás;12;4
2021maj13;2021. május;;Összetett;13;12
2021maj14;2021. május;;Összetett;14;12
2021maj15;2021. május;;Összetett;15;12
2021maj16;2021. május;;Összetett;16;17
2021maj17;2021. május;;Összetett;17;17
2021maj18;2021. május;;Összetett;18;17
2021majid1;2021. május idegennyelvű;Számok és műveletek, számelmélet;Számok és műveletek, számelmélet;1;2
2021majid2;2021. május idegennyelvű;Térgeometria;Térgeometria;2;2
2021majid3;2021. május idegennyelvű;Kombinatorika;Kombinatorika;3;2
2021majid4;2021. május idegennyelvű;Számok és műveletek, számelmélet;Számok és műveletek, számelmélet;4;2
2021majid5;2021. május idegennyelvű;Számok és műveletek, számelmélet;Számok és műveletek, számelmélet;5;2
2021majid6;2021. május idegennyelvű;Síkgeometria;Síkgeometria;6;2
2021majid7;2021. május idegennyelvű;Sorozatok;Sorozatok;7;4
2021majid8;2021. május idegennyelvű;Számok és műveletek, számelmélet;Számok és műveletek, számelmélet;8;4
2021majid9;2021. május idegennyelvű;Síkgeometria;Síkgeometria;9;2
2021majid10;2021. május idegennyelvű;Valószínűségszámítás;Valószínűségszámítás;10;2
2021majid11;2021. május idegennyelvű;Trigonometria;Trigonometria;11;2
2021majid12;2021. május idegennyelvű;Statisztika;Statisztika;12;3
2021majid13;2021. május idegennyelvű;Függvények;Összetett;13;13
2021majid14;2021. május idegennyelvű;Egyenletek, egyenlőtlenségek, egyenletrendszerek;Összetett;14;11
2021majid15;2021. május idegennyelvű;Valószínűségszámítás;Összetett;15;12
2021majid16;2021. május idegennyelvű;;Összetett;16;17
2021majid17;2021. május idegennyelvű;;Összetett;17;17
2021majid18;2021. május idegennyelvű;;Összetett;18;17
2020okt1;2020. október;Halmazok;Halmazok;1;2
2020okt2;2020. október;Sorozatok;Sorozatok;2;2
2020okt3;2020. október;Számok és műveletek, számelmélet;Számok és műveletek, számelmélet;3;2
2020okt4;2020. október;Számok és műveletek, számelmélet;Számok és műveletek, számelmélet;4;2
2020okt5;2020. október;Logika;Logika;5;2
2020okt6;2020. október;Függvények;Függvények;6;3
2020okt7;2020. október;Számok és műveletek, számelmélet;Számok és műveletek, számelmélet;7;3
2020okt8;2020. október;Térgeometria;Térgeometria;8;3
2020okt9;2020. október;Kombinatorika;Kombinatorika;9;2
2020okt10;2020. október;Függvények;Függvények;10;4
2020okt11;2020. október;Statisztika;Statisztika;11;3
2020okt12;2020. október;Valószínűségszámítás;Valószínűségszámítás;12;2
2020okt13;2020. október;Egyenletek, egyenlőtlenségek, egyenletrendszerek;Összetett;13;10
2020okt14;2020. október;;Összetett;14;12
2020okt15;2020. október;;Összetett;15;14
2020okt16;2020. október;;Összetett;16;17
2020okt17;2020. október;;Összetett;17;17
2020okt18;2020. október;;Összetett;18;17
2020maj1;2020. május;Térgeometria;Térgeometria;1;2
2020maj2;2020. május;Halmazok;Halmazok;2;2
2020maj3;2020. május;Számok és műveletek, számelmélet;Számok és műveletek, számelmélet;3;2
2020maj4;2020. május;Gráfok;Gráfok;4;3
2020maj5;2020. május;Számok és műveletek, számelmélet;Számok és műveletek, számelmélet;5;2
2020maj6;2020. május;Függvények;Függvények;6;3
2020maj7;2020. május;Statisztika;Statisztika;7;3
2020maj8;2020. május;Számok és műveletek, számelmélet;Számok és műveletek, számelmélet;8;2
2020maj9;2020. május;Számok és műveletek, számelmélet;Számok és műveletek, számelmélet;9;3
2020maj10;2020. május;Trigonometria;Trigonometria;10;3
2020maj11;2020. május;Sorozatok;Sorozatok;11;2
2020maj12;2020. május;Valószínűségszámítás;Valószínűségszámítás;12;3
2020maj13;2020. május;;Összetett;13;11
2020maj14;2020. május;;Összetett;14;12
2020maj15;2020. május;;Összetett;15;13
2020maj16;2020. május;;Összetett;16;17
2020maj17;2020. május;;Összetett;17;17
2020maj18;2020. május;;Összetett;18;17
2020majid1;2020. május idegennyelvű;Sorozatok;Sorozatok;1;2
2020majid2;2020. május idegennyelvű;Statisztika;Statisztika;2;2
2020majid3;2020. május idegennyelvű;Halmazok;Halmazok;3;3
2020majid4;2020. május idegennyelvű;Kombinatorika;Kombinatorika;4;2
2020majid5;2020. május idegennyelvű;Gráfok;Gráfok;5;2
2020majid6;2020. május idegennyelvű;Valószínűségszámítás;Valószínűségszámítás;6;2
2020majid7;2020. május idegennyelvű;Valószínűségszámítás;Valószínűségszámítás;7;2
2020majid8;2020. május idegennyelvű;Számok és műveletek, számelmélet;Számok és műveletek, számelmélet;8;3
2020majid9;2020. május idegennyelvű;Vektorok, koordinátageometria;Vektorok, koordinátageometria;9;2
2020majid10;2020. május idegennyelvű;Sorozatok;Sorozatok;10;4
2020majid11;2020. május idegennyelvű;Trigonometria;Trigonometria;11;2
2020majid12;2020. május idegennyelvű;Síkgeometria;Síkgeometria;12;4
2020majid13;2020. május idegennyelvű;Függvények;Összetett;13;12
2020majid14;2020. május idegennyelvű;;Összetett;14;11
2020majid15;2020. május idegennyelvű;;Összetett;15;13
2020majid16;2020. május idegennyelvű;;Összetett;16;17
2020majid17;2020. május idegennyelvű;;Összetett;17;17
2020majid18;2020. május idegennyelvű;;Összetett;18;17
2019okt1;2019. október;Gráfok;Gráfok;1;2
2019okt2;2019. október;Halmazok;Halmazok;2;3
2019okt3;2019. október;Számok és műveletek, számelmélet;Számok és műveletek, számelmélet;3;2
2019okt4;2019. október;Számok és műveletek, számelmélet;Számok és műveletek, számelmélet;4;2
2019okt5;2019. október;Számok és műveletek, számelmélet;Számok és műveletek, számelmélet;5;2
2019okt6;2019. október;Függvények;Függvények;6;2
2019okt7;2019. október;Sorozatok;Sorozatok;7;2
2019okt8;2019. október;Síkgeometria;Síkgeometria;8;2
2019okt9;2019. október;Vektorok, koordinátageometria;Vektorok, koordinátageometria;9;2
2019okt10;2019. október;Térgeometria;Térgeometria;10;4
2019okt11;2019. október;Valószínűségszámítás;Valószínűségszámítás;11;4
2019okt12;2019. október;Statisztika;Statisztika;12;3
2019okt13;2019. október;;Összetett;13;11
2019okt14;2019. október;;Összetett;14;11
2019okt15;2019. október;;Összetett;15;14
2019okt16;2019. október;;Összetett;16;17
2019okt17;2019. október;;Összetett;17;17
2019okt18;2019. október;;Összetett;18;17
2019maj1;2019.május;Egyenletek, egyenlőtlenségek, egyenletrendszerek;Egyenletek, egyenlőtlenségek, egyenletrendszerek;1;2
2019maj2;2019.május;Síkgeometria;Síkgeometria;2;2
2019maj3;2019.május;Számok és műveletek, számelmélet;Számok és műveletek, számelmélet;3;2
2019maj4;2019.május;Halmazok;Halmazok;4;3
2019maj5;2019.május;Gráfok;Gráfok;5;2
2019maj6;2019.május;Kombinatorika;Kombinatorika;6;2
2019maj7;2019.május;Vektorok, koordinátageometria;Vektorok, koordinátageometria;7;2
2019maj8;2019.május;Számok és műveletek, számelmélet;Számok és műveletek, számelmélet;8;2
2019maj9;2019.május;Trigonometria;Trigonometria;9;3
2019maj10;2019.május;Vektorok, koordinátageometria;Vektorok, koordinátageometria;10;3
2019maj11;2019.május;Sorozatok;Sorozatok;11;4
2019maj12;2019.május;Statisztika;Statisztika;12;3
2019maj13;2019.május;;Összetett;13;10
2019maj14;2019.május;;Összetett;14;14
2019maj15;2019.május;;Összetett;15;12
2019maj16;2019.május;;Összetett;16;17
2019maj17;2019.május;;Összetett;17;17
2019maj18;2019.május;;Összetett;18;17
2019majid1;2019.május idegennyelvű;Egyenletek, egyenlőtlenségek, egyenletrendszerek;Egyenletek, egyenlőtlenségek, egyenletrendszerek;1;2
2019majid2;2019.május idegennyelvű;Gráfok;Gráfok;2;2
2019majid3;2019.május idegennyelvű;Exponenciális és logaritmusos feladatok;Exponenciális és logaritmusos feladatok;3;2
2019majid4;2019.május idegennyelvű;Térgeometria;Térgeometria;4;4
2019majid5;2019.május idegennyelvű;Számok és műveletek, számelmélet;Számok és műveletek, számelmélet;5;2
2019majid6;2019.május idegennyelvű;Számok és műveletek, számelmélet;Számok és műveletek, számelmélet;6;2
2019majid7;2019.május idegennyelvű;Függvények;Függvények;7;2
2019majid8;2019.május idegennyelvű;Számok és műveletek, számelmélet;Számok és műveletek, számelmélet;8;2
2019majid9;2019.május idegennyelvű;Függvények;Függvények;9;2
2019majid10;2019.május idegennyelvű;Sorozatok;Sorozatok;10;4
2019majid11;2019.május idegennyelvű;Vektorok, koordinátageometria;Vektorok, koordinátageometria;11;3
2019majid12;2019.május idegennyelvű;Valószínűségszámítás;Valószínűségszámítás;12;3
2019majid13;2019.május idegennyelvű;;Összetett;13;11
2019majid14;2019.május idegennyelvű;;Összetett;14;12
2019majid15;2019.május idegennyelvű;;Összetett;15;13
2019majid16;2019.május idegennyelvű;;Összetett;16;17
2019majid17;2019.május idegennyelvű;;Összetett;17;17
2019majid18;2019.május idegennyelvű;;Összetett;18;17
2018okt1;2018.október;Halmazok;Halmazok;1;2
2018okt2;2018.október;Valószínűségszámítás;Valószínűségszámítás;2;2
2018okt3;2018.október;Gráfok;Gráfok;3;2
2018okt4;2018.október;Függvények;Függvények;4;2
2018okt5;2018.október;Számok és műveletek, számelmélet;Számok és műveletek, számelmélet;5;2
2018okt6;2018.október;Statisztika;Statisztika;6;4
2018okt7;2018.október;Halmazok;Halmazok;7;2
2018okt8;2018.október;Logika;Logika;8;2
2018okt9;2018.október;Függvények;Függvények;9;2
2018okt10;2018.október;Kombinatorika;Kombinatorika;10;2
2018okt11;2018.október;Sorozatok;Sorozatok;11;4
2018okt12;2018.október;Statisztika;Statisztika;12;4
2018okt13;2018.október;;Összetett;13;10
2018okt14;2018.október;;Összetett;14;12
2018okt15;2018.október;;Összetett;15;14
2018okt16;2018.október;;Összetett;16;17
2018okt17;2018.október;;Összetett;17;17
2018okt18;2018.október;;Összetett;18;17
2018maj1;2018.május;Számok és műveletek, számelmélet;Számok és műveletek, számelmélet;1;2
2018maj2;2018.május;Halmazok;Halmazok;2;2
2018maj3;2018.május;Számok és műveletek, számelmélet;Számok és műveletek, számelmélet;3;2
2018maj4;2018.május;Térgeometria;Térgeometria;4;3
2018maj5;2018.május;Gráfok;Gráfok;5;3
2018maj6;2018.május;Exponenciális és logaritmusos feladatok;Exponenciális és logaritmusos feladatok;6;2
2018maj7;2018.május;Függvények;Függvények;7;2
2018maj8;2018.május;Statisztika;Statisztika;8;2
2018maj9;2018.május;Függvények;Függvények;9;2
2018maj10;2018.május;Statisztika;Statisztika;10;4
2018maj11;2018.május;Trigonometria;Trigonometria;11;2
2018maj12;2018.május;Sorozatok;Sorozatok;12;4
2018maj13;2018.május;;Összetett;13;11
2018maj14;2018.május;;Összetett;14;11
2018maj15;2018.május;;Összetett;15;14
2018maj16;2018.május;;Összetett;16;17
2018maj17;2018.május;;Összetett;17;17
2018maj18;2018.május;;Összetett;18;17
2018majid1;2018.május idegennyelvű;Sorozatok;Sorozatok;1;2
2018majid2;2018.május idegennyelvű;Halmazok;Halmazok;2;2
2018majid3;2018.május idegennyelvű;Számok és műveletek, számelmélet;Számok és műveletek, számelmélet;3;2
2018majid4;2018.május idegennyelvű;Logika;Logika;4;2
2018majid5;2018.május idegennyelvű;Függvények;Függvények;5;2
2018majid6;2018.május idegennyelvű;Számok és műveletek, számelmélet;Számok és műveletek, számelmélet;6;3
2018majid7;2018.május idegennyelvű;Exponenciális és logaritmusos feladatok;Exponenciális és logaritmusos feladatok;7;3
2018majid8;2018.május idegennyelvű;Számok és műveletek, számelmélet;Számok és műveletek, számelmélet;8;2
2018majid9;2018.május idegennyelvű;Sorozatok;Sorozatok;9;2
2018majid10;2018.május idegennyelvű;Exponenciális és logaritmusos feladatok;Exponenciális és logaritmusos feladatok;10;3
2018majid11;2018.május idegennyelvű;Függvények;Függvények;11;3
2018majid12;2018.május idegennyelvű;Valószínűségszámítás;Valószínűségszámítás;12;4
2018majid13;2018.május idegennyelvű;Egyenletek, egyenlőtlenségek, egyenletrendszerek;Összetett;13;12
2018majid14;2018.május idegennyelvű;;Összetett;14;10
2018majid15;2018.május idegennyelvű;;Összetett;15;14
2018majid16;2018.május idegennyelvű;;Összetett;16;17
2018majid17;2018.május idegennyelvű;;Összetett;17;17
2018majid18;2018.május idegennyelvű;;Összetett;18;17
2017okt1;2017.október;Térgeometria;Térgeometria;1;2
2017okt2;2017.október;Halmazok;Halmazok;2;3
2017okt3;2017.október;Exponenciális és logaritmusos feladatok;Exponenciális és logaritmusos feladatok;3;2
2017okt4;2017.október;Számok és műveletek, számelmélet;Számok és műveletek, számelmélet;4;2
2017okt5;2017.október;Számok és műveletek, számelmélet;Számok és műveletek, számelmélet;5;3
2017okt6;2017.október;Gráfok;Gráfok;6;2
2017okt7;2017.október;Valószínűségszámítás;Valószínűségszámítás;7;2
2017okt8;2017.október;Gráfok;Gráfok;8;3
2017okt9;2017.október;Függvények;Függvények;9;3
2017okt10;2017.október;Statisztika;Statisztika;10;2
2017okt11;2017.október;Trigonometria;Trigonometria;11;2
2017okt12;2017.október;Valószínűségszámítás;Valószínűségszámítás;12;4
2017okt13;2017.október;;Összetett;13;10
2017okt14;2017.október;;Összetett;14;12
2017okt15;2017.október;;Összetett;15;14
2017okt16;2017.október;;Összetett;16;17
2017okt17;2017.október;Vektorok, koordinátageometria;Összetett;17;17
2017okt18;2017.október;;Összetett;18;17
2017maj1;2017.május;Halmazok;Halmazok;1;2
2017maj2;2017.május;Sorozatok;Sorozatok;2;2
2017maj3;2017.május;Gráfok;Gráfok;3;4
2017maj4;2017.május;Exponenciális és logaritmusos feladatok;Exponenciális és logaritmusos feladatok;4;2
2017maj5;2017.május;Függvények;Függvények;5;2
2017maj6;2017.május;Trigonometria;Trigonometria;6;3
2017maj7;2017.május;Logika;Logika;7;2
2017maj8;2017.május;Függvények;Függvények;8;2
2017maj9;2017.május;Térgeometria;Térgeometria;9;3
2017maj10;2017.május;Trigonometria;Trigonometria;10;2
2017maj11;2017.május;Egyenletek, egyenlőtlenségek, egyenletrendszerek;Egyenletek, egyenlőtlenségek, egyenletrendszerek;11;2
2017maj12;2017.május;Valószínűségszámítás;Valószínűségszámítás;12;4
2017maj13;2017.május;;Összetett;13;12
2017maj14;2017.május;Síkgeometria;Összetett;14;12
2017maj15;2017.május;;Összetett;15;12
2017maj16;2017.május;Vektorok, koordinátageometria;Összetett;16;17
2017maj17;2017.május;;Összetett;17;17
2017maj18;2017.május;;Összetett;18;17
2017majid1;2017.május idegennyelvű;Egyenletek, egyenlőtlenségek, egyenletrendszerek;Egyenletek, egyenlőtlenségek, egyenletrendszerek;1;2
2017majid2;2017.május idegennyelvű;Halmazok;Halmazok;2;2
2017majid3;2017.május idegennyelvű;Számok és műveletek, számelmélet;Számok és műveletek, számelmélet;3;2
2017majid4;2017.május idegennyelvű;Gráfok;Gráfok;4;3
2017majid5;2017.május idegennyelvű;Exponenciális és logaritmusos feladatok;Exponenciális és logaritmusos feladatok;5;2
2017majid6;2017.május idegennyelvű;Függvények;Függvények;6;2
2017majid7;2017.május idegennyelvű;Statisztika;Statisztika;7;2
2017majid8;2017.május idegennyelvű;Térgeometria;Térgeometria;8;4
2017majid9;2017.május idegennyelvű;Számok és műveletek, számelmélet;Számok és műveletek, számelmélet;9;2
2017majid10;2017.május idegennyelvű;Logika;Logika;10;2
2017majid11;2017.május idegennyelvű;Halmazok;Halmazok;11;4
2017majid12;2017.május idegennyelvű;Valószínűségszámítás;Valószínűségszámítás;12;3
2017majid13;2017.május idegennyelvű;;Összetett;13;10
2017majid14;2017.május idegennyelvű;;Összetett;14;12
2017majid15;2017.május idegennyelvű;;Összetett;15;14
2017majid16;2017.május idegennyelvű;;Összetett;16;17
2017majid17;2017.május idegennyelvű;;Összetett;17;17
2017majid18;2017.május idegennyelvű;;Összetett;18;17
2016okt1;2016.október;Gráfok;Gráfok;1;2
2016okt2;2016.október;Függvények;Függvények;2;2
2016okt3;2016.október;Számok és műveletek, számelmélet;Számok és műveletek, számelmélet;3;2
2016okt4;2016.október;Kombinatorika;Kombinatorika;4;2
2016okt5;2016.október;Logika;Logika;5;2
2016okt6;2016.október;Térgeometria;Térgeometria;6;4
2016okt7;2016.október;Függvények;Függvények;7;2
2016okt8;2016.október;Trigonometria;Trigonometria;8;2
2016okt9;2016.október;Számok és műveletek, számelmélet;Számok és műveletek, számelmélet;9;4
2016okt10;2016.október;Exponenciális és logaritmusos feladatok;Exponenciális és logaritmusos feladatok;10;2
2016okt11;2016.október;Függvények;Függvények;11;4
2016okt12;2016.október;Valószínűségszámítás;Valószínűségszámítás;12;2
2016okt13;2016.október;;Összetett;13;12
2016okt14;2016.október;;Összetett;14;12
2016okt15;2016.október;;Összetett;15;12
2016okt16;2016.október;;Összetett;16;17
2016okt17;2016.október;Vektorok, koordinátageometria;Összetett;17;17
2016okt18;2016.október;;Összetett;18;17
2016maj1;2016.majus;Halmazok;Halmazok;1;2
2016maj2;2016.majus;Számok és műveletek, számelmélet;Számok és műveletek, számelmélet;2;2
2016maj3;2016.majus;Egyenletek, egyenlőtlenségek, egyenletrendszerek;Egyenletek, egyenlőtlenségek, egyenletrendszerek;3;2
2016maj4;2016.majus;Kombinatorika;Kombinatorika;4;2
2016maj5;2016.majus;Gráfok;Gráfok;5;3
2016maj6;2016.majus;Exponenciális és logaritmusos feladatok;Exponenciális és logaritmusos feladatok;6;2
2016maj7;2016.majus;Logika;Logika;7;2
2016maj8;2016.majus;Sorozatok;Sorozatok;8;3
2016maj9;2016.majus;Logika;Logika;9;2
2016maj10;2016.majus;Függvények;Függvények;10;4
2016maj11;2016.majus;Trigonometria;Trigonometria;11;2
2016maj12;2016.majus;Valószínűségszámítás;Valószínűségszámítás;12;4
2016maj13;2016.majus;;Összetett;13;10
2016maj14;2016.majus;;Összetett;14;13
2016maj15;2016.majus;;Összetett;15;13
2016maj16;2016.majus;;Összetett;16;17
2016maj17;2016.majus;;Összetett;17;17
2016maj18;2016.majus;;Összetett;18;17
2016majid1;2016.majus idegennyelvű;Egyenletek, egyenlőtlenségek, egyenletrendszerek;Egyenletek, egyenlőtlenségek, egyenletrendszerek;1;2
2016majid2;2016.majus idegennyelvű;Halmazok;Halmazok;2;3
2016majid3;2016.majus idegennyelvű;Exponenciális és logaritmusos feladatok;Exponenciális és logaritmusos feladatok;3;2
2016majid4;2016.majus idegennyelvű;Kombinatorika;Kombinatorika;4;3
2016majid5;2016.majus idegennyelvű;Vektorok, koordinátageometria;Vektorok, koordinátageometria;5;2
2016majid6;2016.majus idegennyelvű;Gráfok;Gráfok;6;2
2016majid7;2016.majus idegennyelvű;Vektorok, koordinátageometria;Vektorok, koordinátageometria;7;3
2016majid8;2016.majus idegennyelvű;Valószínűségszámítás;Valószínűségszámítás;8;3
2016majid9;2016.majus idegennyelvű;Statisztika;Statisztika;9;2
2016majid10;2016.majus idegennyelvű;Függvények;Függvények;10;2
2016majid11;2016.majus idegennyelvű;Síkgeometria;Síkgeometria;11;3
2016majid12;2016.majus idegennyelvű;Halmazok;Halmazok;12;3
2016majid13;2016.majus idegennyelvű;;Összetett;13;12
2016majid14;2016.majus idegennyelvű;;Összetett;14;12
2016majid15;2016.majus idegennyelvű;;Összetett;15;12
2016majid16;2016.majus idegennyelvű;;Összetett;16;17
2016majid17;2016.majus idegennyelvű;;Összetett;17;17
2016majid18;2016.majus idegennyelvű;;Összetett;18;17
2015okt1;2015.október;Egyenletek, egyenlőtlenségek, egyenletrendszerek;Egyenletek, egyenlőtlenségek, egyenletrendszerek;1;2
2015okt2;2015.október;Síkgeometria;Síkgeometria;2;3
2015okt3;2015.október;Függvények;Függvények;3;2
2015okt4;2015.október;Függvények;Függvények;4;2
2015okt5;2015.október;Halmazok;Halmazok;5;3
2015okt6;2015.október;Halmazok;Halmazok;6;2
2015okt7;2015.október;Logika;Logika;7;2
2015okt8;2015.október;Számok és műveletek, számelmélet;Számok és műveletek, számelmélet;8;2
2015okt9;2015.október;Statisztika;Statisztika;9;4
2015okt10;2015.október;Valószínűségszámítás;Valószínűségszámítás;10;3
2015okt11;2015.október;Számok és műveletek, számelmélet;Számok és műveletek, számelmélet;11;3
2015okt12;2015.október;Gráfok;Gráfok;12;2
2015okt13;2015.október;;Összetett;13;13
2015okt14;2015.október;;Összetett;14;12
2015okt15;2015.október;;Összetett;15;11
2015okt16;2015.október;;Összetett;16;17
2015okt17;2015.október;;Összetett;17;17
2015okt18;2015.október;;Összetett;18;17
2015maj1;2015.május;Számok és műveletek, számelmélet;Számok és műveletek, számelmélet;1;2
2015maj2;2015.május;Számok és műveletek, számelmélet;Számok és műveletek, számelmélet;2;2
2015maj3;2015.május;Logika;Logika;3;2
2015maj4;2015.május;Egyenletek, egyenlőtlenségek, egyenletrendszerek;Egyenletek, egyenlőtlenségek, egyenletrendszerek;4;3
2015maj5;2015.május;Logika;Logika;5;2
2015maj6;2015.május;Függvények;Függvények;6;2
2015maj7;2015.május;Statisztika;Statisztika;7;3
2015maj8;2015.május;Gráfok;Gráfok;8;2
2015maj9;2015.május;Sorozatok;Sorozatok;9;2
2015maj10;2015.május;Vektorok, koordinátageometria;Vektorok, koordinátageometria;10;3
2015maj11;2015.május;Vektorok, koordinátageometria;Vektorok, koordinátageometria;11;3
2015maj12;2015.május;Valószínűségszámítás;Valószínűségszámítás;12;4
2015maj13;2015.május;;Összetett;13;11
2015maj14;2015.május;;Összetett;14;13
2015maj15;2015.május;;Összetett;15;12
2015maj16;2015.május;;Összetett;16;17
2015maj17;2015.május;;Összetett;17;17
2015maj18;2015.május;;Összetett;18;17
2015majid1;2015.május idegennyelvű;Halmazok;Halmazok;1;3
2015majid2;2015.május idegennyelvű;Gráfok;Gráfok;2;2
2015majid3;2015.május idegennyelvű;Logika;Logika;3;2
2015majid4;2015.május idegennyelvű;Függvények;Függvények;4;2
2015majid5;2015.május idegennyelvű;Számok és műveletek, számelmélet;Számok és műveletek, számelmélet;5;3
2015majid6;2015.május idegennyelvű;Sorozatok;Sorozatok;6;2
2015majid7;2015.május idegennyelvű;Sorozatok;Sorozatok;7;2
2015majid8;2015.május idegennyelvű;Függvények;Függvények;8;3
2015majid9;2015.május idegennyelvű;Térgeometria;Térgeometria;9;3
2015majid10;2015.május idegennyelvű;Statisztika;Statisztika;10;3
2015majid11;2015.május idegennyelvű;Vektorok, koordinátageometria;Vektorok, koordinátageometria;11;3
2015majid12;2015.május idegennyelvű;Valószínűségszámítás;Valószínűségszámítás;12;2
2015majid13;2015.május idegennyelvű;;Összetett;13;10
2015majid14;2015.május idegennyelvű;;Összetett;14;14
2015majid15;2015.május idegennyelvű;;Összetett;15;12
2015majid16;2015.május idegennyelvű;;Összetett;16;17
2015majid17;2015.május idegennyelvű;;Összetett;17;17
2015majid18;2015.május idegennyelvű;;Összetett;18;17
2014okt1;2014.október;Vektorok, koordinátageometria;Vektorok, koordinátageometria;1;2
2014okt2;2014.október;Számok és műveletek, számelmélet;Számok és műveletek, számelmélet;2;3
2014okt3;2014.október;Függvények;Függvények;3;2
2014okt4;2014.október;Egyenletek, egyenlőtlenségek, egyenletrendszerek;Egyenletek, egyenlőtlenségek, egyenletrendszerek;4;3
2014okt5;2014.október;Exponenciális és logaritmusos feladatok;Exponenciális és logaritmusos feladatok;5;3
2014okt6;2014.október;Valószínűségszámítás;Valószínűségszámítás;6;2
2014okt7;2014.október;Trigonometria;Trigonometria;7;2
2014okt8;2014.október;Függvények;Függvények;8;2
2014okt9;2014.október;Vektorok, koordinátageometria;Vektorok, koordinátageometria;9;3
2014okt10;2014.október;Függvények;Függvények;10;2
2014okt11;2014.október;Egyenletek, egyenlőtlenségek, egyenletrendszerek;Egyenletek, egyenlőtlenségek, egyenletrendszerek;11;4
2014okt12;2014.október;Logika;Logika;12;2
2014okt13;2014.október;;Összetett;13;12
2014okt14;2014.október;;Összetett;14;13
2014okt15;2014.október;;Összetett;15;11
2014okt16;2014.október;;Összetett;16;17
2014okt17;2014.október;;Összetett;17;17
2014okt18;2014.október;;Összetett;18;17
2014maj1;2014.május;Halmazok;Halmazok;1;4
2014maj2;2014.május;Számok és műveletek, számelmélet;Számok és műveletek, számelmélet;2;2
2014maj3;2014.május;Egyenletek, egyenlőtlenségek, egyenletrendszerek;Egyenletek, egyenlőtlenségek, egyenletrendszerek;3;3
2014maj4;2014.május;Függvények;Függvények;4;2
2014maj5;2014.május;Halmazok;Halmazok;5;2
2014maj6;2014.május;Számok és műveletek, számelmélet;Számok és műveletek, számelmélet;6;3
2014maj7;2014.május;Számok és műveletek, számelmélet;Számok és műveletek, számelmélet;7;3
2014maj8;2014.május;Függvények;Függvények;8;2
2014maj9;2014.május;Exponenciális és logaritmusos feladatok;Exponenciális és logaritmusos feladatok;9;2
2014maj10;2014.május;Gráfok;Gráfok;10;2
2014maj11;2014.május;Síkgeometria;Síkgeometria;11;3
2014maj12;2014.május;Valószínűségszámítás;Valószínűségszámítás;12;2
2014maj13;2014.május;;Összetett;13;12
2014maj14;2014.május;;Összetett;14;12
2014maj15;2014.május;;Összetett;15;12
2014maj16;2014.május;;Összetett;16;17
2014maj17;2014.május;;Összetett;17;17
2014maj18;2014.május;;Összetett;18;17
2014majid1;2014.május idegennyelvű;Számok és műveletek, számelmélet;Számok és műveletek, számelmélet;1;2
2014majid2;2014.május idegennyelvű;Exponenciális és logaritmusos feladatok;Exponenciális és logaritmusos feladatok;2;2
2014majid3;2014.május idegennyelvű;Függvények;Függvények;3;3
2014majid4;2014.május idegennyelvű;Kombinatorika;Kombinatorika;4;2
2014majid5;2014.május idegennyelvű;Gráfok;Gráfok;5;2
2014majid6;2014.május idegennyelvű;Halmazok;Halmazok;6;3
2014majid7;2014.május idegennyelvű;Síkgeometria;Síkgeometria;7;3
2014majid8;2014.május idegennyelvű;Statisztika;Statisztika;8;2
2014majid9;2014.május idegennyelvű;Logika;Logika;9;3
2014majid10;2014.május idegennyelvű;Térgeometria;Térgeometria;10;3
2014majid11;2014.május idegennyelvű;Függvények;Függvények;11;2
2014majid12;2014.május idegennyelvű;Síkgeometria;Síkgeometria;12;3
2014majid13;2014.május idegennyelvű;;Összetett;13;12
2014majid14;2014.május idegennyelvű;;Összetett;14;12
2014majid15;2014.május idegennyelvű;;Összetett;15;12
2014majid16;2014.május idegennyelvű;;Összetett;16;17
2014majid17;2014.május idegennyelvű;;Összetett;17;17
2014majid18;2014.május idegennyelvű;;Összetett;18;17
2013okt1;2013.október;Halmazok;Halmazok;1;2
2013okt2;2013.október;Függvények;Függvények;2;2
2013okt3;2013.október;Trigonometria;Trigonometria;3;2
2013okt4;2013.október;Logika;Logika;4;2
2013okt5;2013.október;Számok és műveletek, számelmélet;Számok és műveletek, számelmélet;5;3
2013okt6;2013.október;Függvények;Függvények;6;3
2013okt7;2013.október;Síkgeometria;Síkgeometria;7;2
2013okt8;2013.október;Sorozatok;Sorozatok;8;3
2013okt9;2013.október;Gráfok;Gráfok;9;2
2013okt10;2013.október;Függvények;Függvények;10;3
2013okt11;2013.október;Valószínűségszámítás;Valószínűségszámítás;11;2
2013okt12;2013.október;Statisztika;Statisztika;12;3
2013okt13;2013.október;;Összetett;13;12
2013okt14;2013.október;;Összetett;14;12
2013okt15;2013.október;;Összetett;15;12
2013okt16;2013.október;;Összetett;16;17
2013okt17;2013.október;;Összetett;17;17
2013okt18;2013.október;;Összetett;18;17
2013maj1;2013.május;Halmazok;Halmazok;1;2
2013maj2;2013.május;Statisztika;Statisztika;2;2
2013maj3;2013.május;Statisztika;Statisztika;3;3
2013maj4;2013.május;Függvények;Függvények;4;2
2013maj5;2013.május;Trigonometria;Trigonometria;5;3
2013maj6;2013.május;Vektorok, koordinátageometria;Vektorok, koordinátageometria;6;3
2013maj7;2013.május;Függvények;Függvények;7;4
2013maj8;2013.május;Logika;Logika;8;2
2013maj9;2013.május;Térgeometria;Térgeometria;9;2
2013maj10;2013.május;Kombinatorika;Kombinatorika;10;3
2013maj11;2013.május;Statisztika;Statisztika;11;2
2013maj12;2013.május;Valószínűségszámítás;Valószínűségszámítás;12;2
2013maj13;2013.május;;Összetett;13;12
2013maj14;2013.május;;Összetett;14;12
2013maj15;2013.május;;Összetett;15;12
2013maj16;2013.május;;Összetett;16;17
2013maj17;2013.május;;Összetett;17;17
2013maj18;2013.május;;Összetett;18;17
2013majid1;2013.május idegennyelvű;Számok és műveletek, számelmélet;Számok és műveletek, számelmélet;1;2
2013majid2;2013.május idegennyelvű;Térgeometria;Térgeometria;2;3
2013majid3;2013.május idegennyelvű;Egyenletek, egyenlőtlenségek, egyenletrendszerek;Egyenletek, egyenlőtlenségek, egyenletrendszerek;3;2
2013majid4;2013.május idegennyelvű;Függvények;Függvények;4;2
2013majid5;2013.május idegennyelvű;Vektorok, koordinátageometria;Vektorok, koordinátageometria;5;2
2013majid6;2013.május idegennyelvű;Trigonometria;Trigonometria;6;2
2013majid7;2013.május idegennyelvű;Függvények;Függvények;7;2
2013majid8;2013.május idegennyelvű;Kombinatorika;Kombinatorika;8;2
2013majid9;2013.május idegennyelvű;Statisztika;Statisztika;9;3
2013majid10;2013.május idegennyelvű;Vektorok, koordinátageometria;Vektorok, koordinátageometria;10;3
2013majid11;2013.május idegennyelvű;Számok és műveletek, számelmélet;Számok és műveletek, számelmélet;11;4
2013majid12;2013.május idegennyelvű;Sorozatok;Sorozatok;12;3
2013majid13;2013.május idegennyelvű;;Összetett;13;12
2013majid14;2013.május idegennyelvű;;Összetett;14;12
2013majid15;2013.május idegennyelvű;;Összetett;15;12
2013majid16;2013.május idegennyelvű;;Összetett;16;17
2013majid17;2013.május idegennyelvű;;Összetett;17;17
2013majid18;2013.május idegennyelvű;;Összetett;18;17
2012okt1;2012.október;Sorozatok;Sorozatok;1;2
2012okt2;2012.október;Halmazok;Halmazok;2;2
2012okt3;2012.október;Egyenletek, egyenlőtlenségek, egyenletrendszerek;Egyenletek, egyenlőtlenségek, egyenletrendszerek;3;2
2012okt4;2012.október;Statisztika;Statisztika;4;3
2012okt5;2012.október;Logika;Logika;5;2
2012okt6;2012.október;Számok és műveletek, számelmélet;Számok és műveletek, számelmélet;6;3
2012okt7;2012.október;Logika;Logika;7;4
2012okt8;2012.október;Gráfok;Gráfok;8;2
2012okt9;2012.október;Függvények;Függvények;9;2
2012okt10;2012.október;Vektorok, koordinátageometria;Vektorok, koordinátageometria;10;2
2012okt11;2012.október;Síkgeometria;Síkgeometria;11;3
2012okt12;2012.október;Sorozatok;Sorozatok;12;3
2012okt13;2012.október;;Összetett;13;12
2012okt14;2012.október;;Összetett;14;12
2012okt15;2012.október;;Összetett;15;12
2012okt16;2012.október;;Összetett;16;17
2012okt17;2012.október;;Összetett;17;17
2012okt18;2012.október;;Összetett;18;17
2012maj1;2012.május;Sorozatok;Sorozatok;1;2
2012maj2;2012.május;Vektorok, koordinátageometria;Vektorok, koordinátageometria;2;3
2012maj3;2012.május;Függvények;Függvények;3;2
2012maj4;2012.május;Logika;Logika;4;2
2012maj5;2012.május;Számok és műveletek, számelmélet;Számok és műveletek, számelmélet;5;2
2012maj6;2012.május;Síkgeometria;Síkgeometria;6;2
2012maj7;2012.május;Vektorok, koordinátageometria;Vektorok, koordinátageometria;7;3
2012maj8;2012.május;Számok és műveletek, számelmélet;Számok és műveletek, számelmélet;8;3
2012maj9;2012.május;Valószínűségszámítás;Valószínűségszámítás;9;3
2012maj10;2012.május;Exponenciális és logaritmusos feladatok;Exponenciális és logaritmusos feladatok;10;3
2012maj11;2012.május;Számok és műveletek, számelmélet;Számok és műveletek, számelmélet;11;3
2012maj12;2012.május;Függvények;Függvények;12;2
2012maj13;2012.május;;Összetett;13;12
2012maj14;2012.május;;Összetett;14;12
2012maj15;2012.május;;Összetett;15;12
2012maj16;2012.május;;Összetett;16;17
2012maj17;2012.május;;Összetett;17;17
2012maj18;2012.május;;Összetett;18;17
2012majid1;2012.május idegennyelvű;Függvények;Függvények;1;2
2012majid2;2012.május idegennyelvű;Vektorok, koordinátageometria;Vektorok, koordinátageometria;2;2
2012majid3;2012.május idegennyelvű;Exponenciális és logaritmusos feladatok;Exponenciális és logaritmusos feladatok;3;2
2012majid4;2012.május idegennyelvű;Függvények;Függvények;4;3
2012majid5;2012.május idegennyelvű;Kombinatorika;Kombinatorika;5;2
2012majid6;2012.május idegennyelvű;Halmazok;Halmazok;6;2
2012majid7;2012.május idegennyelvű;Számok és műveletek, számelmélet;Számok és műveletek, számelmélet;7;3
2012majid8;2012.május idegennyelvű;Számok és műveletek, számelmélet;Számok és műveletek, számelmélet;8;2
2012majid9;2012.május idegennyelvű;Függvények;Függvények;9;2
2012majid10;2012.május idegennyelvű;Gráfok;Gráfok;10;2
2012majid11;2012.május idegennyelvű;Vektorok, koordinátageometria;Vektorok, koordinátageometria;11;4
2012majid12;2012.május idegennyelvű;Logika;Logika;12;3
2012majid13;2012.május idegennyelvű;;Összetett;13;12
2012majid14;2012.május idegennyelvű;;Összetett;14;12
2012majid15;2012.május idegennyelvű;;Összetett;15;12
2012majid16;2012.május idegennyelvű;;Összetett;16;17
2012majid17;2012.május idegennyelvű;;Összetett;17;17
2012majid18;2012.május idegennyelvű;;Összetett;18;17
2011okt1;2011.október;Számok és műveletek, számelmélet;Számok és műveletek, számelmélet;1;2
2011okt2;2011.október;Számok és műveletek, számelmélet;Számok és műveletek, számelmélet;2;2
2011okt3;2011.október;Sorozatok;Sorozatok;3;3
2011okt4;2011.október;Halmazok;Halmazok;4;3
2011okt5;2011.október;Függvények;Függvények;5;2
2011okt6;2011.október;Statisztika;Statisztika;6;2
2011okt7;2011.október;Gráfok;Gráfok;7;2
2011okt8;2011.október;Sorozatok;Sorozatok;8;3
2011okt9;2011.október;Számok és műveletek, számelmélet;Számok és műveletek, számelmélet;9;2
2011okt10;2011.október;Függvények;Függvények;10;2
2011okt11;2011.október;Sorozatok;Sorozatok;11;4
2011okt12;2011.október;Térgeometria;Térgeometria;12;3
2011okt13;2011.október;;Összetett;13;12
2011okt14;2011.október;;Összetett;14;12
2011okt15;2011.október;;Összetett;15;12
2011okt16;2011.október;;Összetett;16;17
2011okt17;2011.október;;Összetett;17;17
2011okt18;2011.október;;Összetett;18;17
2011maj1;2011.május;Számok és műveletek, számelmélet;Számok és műveletek, számelmélet;1;2
2011maj2;2011.május;Valószínűségszámítás;Valószínűségszámítás;2;3
2011maj3;2011.május;Térgeometria;Térgeometria;3;2
2011maj4;2011.május;Számok és műveletek, számelmélet;Számok és műveletek, számelmélet;4;2
2011maj5;2011.május;Függvények;Függvények;5;2
2011maj6;2011.május;Egyenletek, egyenlőtlenségek, egyenletrendszerek;Egyenletek, egyenlőtlenségek, egyenletrendszerek;6;3
2011maj7;2011.május;Halmazok;Halmazok;7;4
2011maj8;2011.május;Exponenciális és logaritmusos feladatok;Exponenciális és logaritmusos feladatok;8;2
2011maj9;2011.május;Számok és műveletek, számelmélet;Számok és műveletek, számelmélet;9;2
2011maj10;2011.május;Egyenletek, egyenlőtlenségek, egyenletrendszerek;Egyenletek, egyenlőtlenségek, egyenletrendszerek;10;2
2011maj11;2011.május;Sorozatok;Sorozatok;11;2
2011maj12;2011.május;Logika;Logika;12;3
2011maj13;2011.május;;Összetett;13;12
2011maj14;2011.május;;Összetett;14;12
2011maj15;2011.május;;Összetett;15;12
2011maj16;2011.május;;Összetett;16;17
2011maj17;2011.május;;Összetett;17;17
2011maj18;2011.május;;Összetett;18;17
2011majid1;2011.május idegennyelvű;Számok és műveletek, számelmélet;Számok és műveletek, számelmélet;1;2
2011majid2;2011.május idegennyelvű;Számok és műveletek, számelmélet;Számok és műveletek, számelmélet;2;2
2011majid3;2011.május idegennyelvű;Statisztika;Statisztika;3;3
2011majid4;2011.május idegennyelvű;Síkgeometria;Síkgeometria;4;2
2011majid5;2011.május idegennyelvű;Egyenletek, egyenlőtlenségek, egyenletrendszerek;Egyenletek, egyenlőtlenségek, egyenletrendszerek;5;2
2011majid6;2011.május idegennyelvű;Gráfok;Gráfok;6;2
2011majid7;2011.május idegennyelvű;Számok és műveletek, számelmélet;Számok és műveletek, számelmélet;7;2
2011majid8;2011.május idegennyelvű;Sorozatok;Sorozatok;8;3
2011majid9;2011.május idegennyelvű;Számok és műveletek, számelmélet;Számok és műveletek, számelmélet;9;3
2011majid10;2011.május idegennyelvű;Számok és műveletek, számelmélet;Számok és műveletek, számelmélet;10;3
2011majid11;2011.május idegennyelvű;Egyenletek, egyenlőtlenségek, egyenletrendszerek;Egyenletek, egyenlőtlenségek, egyenletrendszerek;11;2
2011majid12;2011.május idegennyelvű;Halmazok;Halmazok;12;4
2011majid13;2011.május idegennyelvű;;Összetett;13;12
2011majid14;2011.május idegennyelvű;;Összetett;14;12
2011majid15;2011.május idegennyelvű;;Összetett;15;12
2011majid16;2011.május idegennyelvű;;Összetett;16;17
2011majid17;2011.május idegennyelvű;;Összetett;17;17
2011majid18;2011.május idegennyelvű;;Összetett;18;17
2010okt1;2010.október;Halmazok;Halmazok;1;2
2010okt2;2010.október;Gráfok;Gráfok;2;2
2010okt3;2010.október;Vektorok, koordinátageometria;Vektorok, koordinátageometria;3;3
2010okt4;2010.október;Számok és műveletek, számelmélet;Számok és műveletek, számelmélet;4;2
2010okt5;2010.október;Függvények;Függvények;5;2
2010okt6;2010.október;Egyenletek, egyenlőtlenségek, egyenletrendszerek;Egyenletek, egyenlőtlenségek, egyenletrendszerek;6;2
2010okt7;2010.október;Trigonometria;Trigonometria;7;3
2010okt8;2010.október;Számok és műveletek, számelmélet;Számok és műveletek, számelmélet;8;4
2010okt9;2010.október;Exponenciális és logaritmusos feladatok;Exponenciális és logaritmusos feladatok;9;2
2010okt10;2010.október;Függvények;Függvények;10;3
2010okt11;2010.október;Gráfok;Gráfok;11;2
2010okt12;2010.október;Vektorok, koordinátageometria;Vektorok, koordinátageometria;12;3
2010okt13;2010.október;;Összetett;13;12
2010okt14;2010.október;;Összetett;14;12
2010okt15;2010.október;;Összetett;15;12
2010okt16;2010.október;;Összetett;16;17
2010okt17;2010.október;;Összetett;17;17
2010okt18;2010.október;;Összetett;18;17
2010maj1;2010.május;Számok és műveletek, számelmélet;Számok és műveletek, számelmélet;1;2
2010maj2;2010.május;Egyenletek, egyenlőtlenségek, egyenletrendszerek;Egyenletek, egyenlőtlenségek, egyenletrendszerek;2;2
2010maj3;2010.május;Statisztika;Statisztika;3;3
2010maj4;2010.május;Exponenciális és logaritmusos feladatok;Exponenciális és logaritmusos feladatok;4;2
2010maj5;2010.május;Kombinatorika;Kombinatorika;5;2
2010maj6;2010.május;Síkgeometria;Síkgeometria;6;3
2010maj7;2010.május;Gráfok;Gráfok;7;2
2010maj8;2010.május;Valószínűségszámítás;Valószínűségszámítás;8;2
2010maj9;2010.május;Trigonometria;Trigonometria;9;3
2010maj10;2010.május;Trigonometria;Trigonometria;10;4
2010maj11;2010.május;Valószínűségszámítás;Valószínűségszámítás;11;3
2010maj12;2010.május;Statisztika;Statisztika;12;2
2010maj13;2010.május;;Összetett;13;12
2010maj14;2010.május;;Összetett;14;12
2010maj15;2010.május;;Összetett;15;12
2010maj16;2010.május;;Összetett;16;17
2010maj17;2010.május;;Összetett;17;17
2010maj18;2010.május;;Összetett;18;17
2010majid1;2010.május idegennyelvű;Síkgeometria;Síkgeometria;1;2
2010majid2;2010.május idegennyelvű;Statisztika;Statisztika;2;2
2010majid3;2010.május idegennyelvű;Vektorok, koordinátageometria;Vektorok, koordinátageometria;3;2
2010majid4;2010.május idegennyelvű;Exponenciális és logaritmusos feladatok;Exponenciális és logaritmusos feladatok;4;2
2010majid5;2010.május idegennyelvű;Síkgeometria;Síkgeometria;5;2
2010majid6;2010.május idegennyelvű;Függvények;Függvények;6;2
2010majid7;2010.május idegennyelvű;Térgeometria;Térgeometria;7;2
2010majid8;2010.május idegennyelvű;Számok és műveletek, számelmélet;Számok és műveletek, számelmélet;8;3
2010majid9;2010.május idegennyelvű;Vektorok, koordinátageometria;Vektorok, koordinátageometria;9;3
2010majid10;2010.május idegennyelvű;Statisztika;Statisztika;10;3
2010majid11;2010.május idegennyelvű;Valószínűségszámítás;Valószínűségszámítás;11;3
2010majid12;2010.május idegennyelvű;Síkgeometria;Síkgeometria;12;3
2010majid13;2010.május idegennyelvű;;Összetett;13;12
2010majid14;2010.május idegennyelvű;;Összetett;14;12
2010majid15;2010.május idegennyelvű;;Összetett;15;12
2010majid16;2010.május idegennyelvű;;Összetett;16;17
2010majid17;2010.május idegennyelvű;;Összetett;17;17
2010majid18;2010.május idegennyelvű;;Összetett;18;17
2009okt1;2009.október;Számok és műveletek, számelmélet;Számok és műveletek, számelmélet;1;2
2009okt2;2009.október;Halmazok;Halmazok;2;3
2009okt3;2009.október;Valószínűségszámítás;Valószínűségszámítás;3;2
2009okt4;2009.október;Számok és műveletek, számelmélet;Számok és műveletek, számelmélet;4;2
2009okt5;2009.október;Trigonometria;Trigonometria;5;2
2009okt6;2009.október;Sorozatok;Sorozatok;6;2
2009okt7;2009.október;Függvények;Függvények;7;3
2009okt8;2009.október;Exponenciális és logaritmusos feladatok;Exponenciális és logaritmusos feladatok;8;3
2009okt9;2009.október;Statisztika;Statisztika;9;2
2009okt10;2009.október;Vektorok, koordinátageometria;Vektorok, koordinátageometria;10;3
2009okt11;2009.október;Térgeometria;Térgeometria;11;3
2009okt12;2009.október;Függvények;Függvények;12;3
2009okt13;2009.október;;Összetett;13;12
2009okt14;2009.október;;Összetett;14;12
2009okt15;2009.október;;Összetett;15;12
2009okt16;2009.október;;Összetett;16;17
2009okt17;2009.október;;Összetett;17;17
2009okt18;2009.október;;Összetett;18;17
2009maj1;2009.május;Egyenletek, egyenlőtlenségek, egyenletrendszerek;Egyenletek, egyenlőtlenségek, egyenletrendszerek;1;2
2009maj2;2009.május;Számok és műveletek, számelmélet;Számok és műveletek, számelmélet;2;2
2009maj3;2009.május;Gráfok;Gráfok;3;2
2009maj4;2009.május;Függvények;Függvények;4;2
2009maj5;2009.május;Kombinatorika;Kombinatorika;5;2
2009maj6;2009.május;Exponenciális és logaritmusos feladatok;Exponenciális és logaritmusos feladatok;6;2
2009maj7;2009.május;Sorozatok;Sorozatok;7;3
2009maj8;2009.május;Számok és műveletek, számelmélet;Számok és műveletek, számelmélet;8;3
2009maj9;2009.május;Halmazok;Halmazok;9;4
2009maj10;2009.május;Vektorok, koordinátageometria;Vektorok, koordinátageometria;10;2
2009maj11;2009.május;Számok és műveletek, számelmélet;Számok és műveletek, számelmélet;11;2
2009maj12;2009.május;Térgeometria;Térgeometria;12;4
2009maj13;2009.május;;Összetett;13;12
2009maj14;2009.május;;Összetett;14;12
2009maj15;2009.május;;Összetett;15;12
2009maj16;2009.május;;Összetett;16;17
2009maj17;2009.május;;Összetett;17;17
2009maj18;2009.május;;Összetett;18;17
2009majid1;2009.május idegennyelvű;Halmazok;Halmazok;1;2
2009majid2;2009.május idegennyelvű;Számok és műveletek, számelmélet;Számok és műveletek, számelmélet;2;2
2009majid3;2009.május idegennyelvű;Logika;Logika;3;2
2009majid4;2009.május idegennyelvű;Gráfok;Gráfok;4;2
2009majid5;2009.május idegennyelvű;Számok és műveletek, számelmélet;Számok és műveletek, számelmélet;5;3
2009majid6;2009.május idegennyelvű;Kombinatorika;Kombinatorika;6;3
2009majid7;2009.május idegennyelvű;Számok és műveletek, számelmélet;Számok és műveletek, számelmélet;7;2
2009majid8;2009.május idegennyelvű;Exponenciális és logaritmusos feladatok;Exponenciális és logaritmusos feladatok;8;2
2009majid9;2009.május idegennyelvű;Síkgeometria;Síkgeometria;9;3
2009majid10;2009.május idegennyelvű;Függvények;Függvények;10;3
2009majid11;2009.május idegennyelvű;Halmazok;Halmazok;11;3
2009majid12;2009.május idegennyelvű;Vektorok, koordinátageometria;Vektorok, koordinátageometria;12;3
2009majid13;2009.május idegennyelvű;;Összetett;13;12
2009majid14;2009.május idegennyelvű;;Összetett;14;12
2009majid15;2009.május idegennyelvű;;Összetett;15;12
2009majid16;2009.május idegennyelvű;;Összetett;16;17
2009majid17;2009.május idegennyelvű;;Összetett;17;17
2009majid18;2009.május idegennyelvű;;Összetett;18;17
2008okt1;2008.október;Halmazok;Halmazok;1;2
2008okt2;2008.október;Síkgeometria;Síkgeometria;2;2
2008okt3;2008.október;Halmazok;Halmazok;3;2
2008okt4;2008.október;Vektorok, koordinátageometria;Vektorok, koordinátageometria;4;2
2008okt5;2008.október;Trigonometria;Trigonometria;5;2
2008okt6;2008.október;Statisztika;Statisztika;6;2
2008okt7;2008.október;Logika;Logika;7;4
2008okt8;2008.október;Trigonometria;Trigonometria;8;3
2008okt9;2008.október;Statisztika;Statisztika;9;2
2008okt10;2008.október;Gráfok;Gráfok;10;2
2008okt11;2008.október;Trigonometria;Trigonometria;11;4
2008okt12;2008.október;Statisztika;Statisztika;12;3
2008okt13;2008.október;;Összetett;13;12
2008okt14;2008.október;;Összetett;14;12
2008okt15;2008.október;;Összetett;15;12
2008okt16;2008.október;;Összetett;16;17
2008okt17;2008.október;;Összetett;17;17
2008okt18;2008.október;;Összetett;18;17
2008maj1;2008.május;Számok és műveletek, számelmélet;Számok és műveletek, számelmélet;1;2
2008maj2;2008.május;Gráfok;Gráfok;2;2
2008maj3;2008.május;Valószínűségszámítás;Valószínűségszámítás;3;2
2008maj4;2008.május;Számok és műveletek, számelmélet;Számok és műveletek, számelmélet;4;2
2008maj5;2008.május;Függvények;Függvények;5;3
2008maj6;2008.május;Vektorok, koordinátageometria;Vektorok, koordinátageometria;6;2
2008maj7;2008.május;Logika;Logika;7;4
2008maj8;2008.május;Számok és műveletek, számelmélet;Számok és műveletek, számelmélet;8;2
2008maj9;2008.május;Függvények;Függvények;9;2
2008maj10;2008.május;Sorozatok;Sorozatok;10;3
2008maj11;2008.május;Számok és műveletek, számelmélet;Számok és műveletek, számelmélet;11;2
2008maj12;2008.május;Halmazok;Halmazok;12;4
2008maj13;2008.május;;Összetett;13;12
2008maj14;2008.május;;Összetett;14;12
2008maj15;2008.május;;Összetett;15;12
2008maj16;2008.május;;Összetett;16;17
2008maj17;2008.május;;Összetett;17;17
2008maj18;2008.május;;Összetett;18;17
2008majid1;2008.május idegennyelvű;Számok és műveletek, számelmélet;Számok és műveletek, számelmélet;1;2
2008majid2;2008.május idegennyelvű;Trigonometria;Trigonometria;2;2
2008majid3;2008.május idegennyelvű;Halmazok;Halmazok;3;3
2008majid4;2008.május idegennyelvű;Függvények;Függvények;4;2
2008majid5;2008.május idegennyelvű;Térgeometria;Térgeometria;5;2
2008majid6;2008.május idegennyelvű;Statisztika;Statisztika;6;3
2008majid7;2008.május idegennyelvű;Számok és műveletek, számelmélet;Számok és műveletek, számelmélet;7;2
2008majid8;2008.május idegennyelvű;Vektorok, koordinátageometria;Vektorok, koordinátageometria;8;2
2008majid9;2008.május idegennyelvű;Számok és műveletek, számelmélet;Számok és műveletek, számelmélet;9;3
2008majid10;2008.május idegennyelvű;Logika;Logika;10;4
2008majid11;2008.május idegennyelvű;Gráfok;Gráfok;11;3
2008majid12;2008.május idegennyelvű;Számok és műveletek, számelmélet;Számok és műveletek, számelmélet;12;2
2008majid13;2008.május idegennyelvű;;Összetett;13;12
2008majid14;2008.május idegennyelvű;;Összetett;14;12
2008majid15;2008.május idegennyelvű;;Összetett;15;12
2008majid16;2008.május idegennyelvű;;Összetett;16;17
2008majid17;2008.május idegennyelvű;;Összetett;17;17
2008majid18;2008.május idegennyelvű;;Összetett;18;17
2007okt1;2007.október;Halmazok;Halmazok;1;2
2007okt2;2007.október;Számok és műveletek, számelmélet;Számok és műveletek, számelmélet;2;2
2007okt3;2007.október;Számok és műveletek, számelmélet;Számok és műveletek, számelmélet;3;2
2007okt4;2007.október;Valószínűségszámítás;Valószínűségszámítás;4;3
2007okt5;2007.október;Logika;Logika;5;3
2007okt6;2007.október;Exponenciális és logaritmusos feladatok;Exponenciális és logaritmusos feladatok;6;2
2007okt7;2007.október;Sorozatok;Sorozatok;7;3
2007okt8;2007.október;Kombinatorika;Kombinatorika;8;2
2007okt9;2007.október;Trigonometria;Trigonometria;9;2
2007okt10;2007.október;Vektorok, koordinátageometria;Vektorok, koordinátageometria;10;2
2007okt11;2007.október;Statisztika;Statisztika;11;3
2007okt12;2007.október;Függvények;Függvények;12;3
2007okt13;2007.október;;Összetett;13;12
2007okt14;2007.október;;Összetett;14;12
2007okt15;2007.október;;Összetett;15;12
2007okt16;2007.október;;Összetett;16;17
2007okt17;2007.október;;Összetett;17;17
2007okt18;2007.október;;Összetett;18;17
2007maj1;2007.május;Számok és műveletek, számelmélet;Számok és műveletek, számelmélet;1;2
2007maj2;2007.május;Sorozatok;Sorozatok;2;3
2007maj3;2007.május;Síkgeometria;Síkgeometria;3;2
2007maj4;2007.május;Számok és műveletek, számelmélet;Számok és műveletek, számelmélet;4;3
2007maj5;2007.május;Függvények;Függvények;5;3
2007maj6;2007.május;Függvények;Függvények;6;2
2007maj7;2007.május;Számok és műveletek, számelmélet;Számok és műveletek, számelmélet;7;2
2007maj8;2007.május;Trigonometria;Trigonometria;8;3
2007maj9;2007.május;Függvények;Függvények;9;2
2007maj10;2007.május;Statisztika;Statisztika;10;2
2007maj11;2007.május;Exponenciális és logaritmusos feladatok;Exponenciális és logaritmusos feladatok;11;3
2007maj12;2007.május;Valószínűségszámítás;Valószínűségszámítás;12;3
2007maj13;2007.május;;Összetett;13;12
2007maj14;2007.május;;Összetett;14;12
2007maj15;2007.május;;Összetett;15;12
2007maj16;2007.május;;Összetett;16;17
2007maj17;2007.május;;Összetett;17;17
2007maj18;2007.május;;Összetett;18;17
2007majid1;2007.május idegennyelvű;Számok és műveletek, számelmélet;Számok és műveletek, számelmélet;1;2
2007majid2;2007.május idegennyelvű;Vektorok, koordinátageometria;Vektorok, koordinátageometria;2;2
2007majid3;2007.május idegennyelvű;Egyenletek, egyenlőtlenségek, egyenletrendszerek;Egyenletek, egyenlőtlenségek, egyenletrendszerek;3;3
2007majid4;2007.május idegennyelvű;Síkgeometria;Síkgeometria;4;2
2007majid5;2007.május idegennyelvű;Logika;Logika;5;2
2007majid6;2007.május idegennyelvű;Függvények;Függvények;6;3
2007majid7;2007.május idegennyelvű;Trigonometria;Trigonometria;7;2
2007majid8;2007.május idegennyelvű;Gráfok;Gráfok;8;3
2007majid9;2007.május idegennyelvű;Exponenciális és logaritmusos feladatok;Exponenciális és logaritmusos feladatok;9;3
2007majid10;2007.május idegennyelvű;Valószínűségszámítás;Valószínűségszámítás;10;3
2007majid11;2007.május idegennyelvű;Statisztika;Statisztika;11;2
2007majid12;2007.május idegennyelvű;Térgeometria;Térgeometria;12;3
2007majid13;2007.május idegennyelvű;;Összetett;13;12
2007majid14;2007.május idegennyelvű;;Összetett;14;12
2007majid15;2007.május idegennyelvű;;Összetett;15;12
2007majid16;2007.május idegennyelvű;;Összetett;16;17
2007majid17;2007.május idegennyelvű;;Összetett;17;17
2007majid18;2007.május idegennyelvű;;Összetett;18;17
2006okt1;2006.október;Halmazok;Halmazok;1;2
2006okt2;2006.október;Vektorok, koordinátageometria;Vektorok, koordinátageometria;2;2
2006okt3;2006.október;Kombinatorika;Kombinatorika;3;3
2006okt4;2006.október;Statisztika;Statisztika;4;4
2006okt5;2006.október;Síkgeometria;Síkgeometria;5;2
2006okt6;2006.október;Kombinatorika;Kombinatorika;6;2
2006okt7;2006.október;Térgeometria;Térgeometria;7;3
2006okt8;2006.október;Valószínűségszámítás;Valószínűségszámítás;8;2
2006okt9;2006.október;Halmazok;Halmazok;9;2
2006okt10;2006.október;Vektorok, koordinátageometria;Vektorok, koordinátageometria;10;3
2006okt11;2006.október;Logika;Logika;11;3
2006okt12;2006.október;Kombinatorika;Kombinatorika;12;2
2006okt13;2006.október;;Összetett;13;12
2006okt14;2006.október;;Összetett;14;12
2006okt15;2006.október;;Összetett;15;12
2006okt16;2006.október;;Összetett;16;17
2006okt17;2006.október;;Összetett;17;17
2006okt18;2006.október;;Összetett;18;17
2006maj1;2006.május;Síkgeometria;Síkgeometria;1;2
2006maj2;2006.május;Sorozatok;Sorozatok;2;2
2006maj3;2006.május;Számok és műveletek, számelmélet;Számok és műveletek, számelmélet;3;2
2006maj4;2006.május;Statisztika;Statisztika;4;2
2006maj5;2006.május;Számok és műveletek, számelmélet;Számok és műveletek, számelmélet;5;2
2006maj6;2006.május;Térgeometria;Térgeometria;6;3
2006maj7;2006.május;Számok és műveletek, számelmélet;Számok és műveletek, számelmélet;7;2
2006maj8;2006.május;Számok és műveletek, számelmélet;Számok és műveletek, számelmélet;8;2
2006maj9;2006.május;Kombinatorika;Kombinatorika;9;3
2006maj10;2006.május;Vektorok, koordinátageometria;Vektorok, koordinátageometria;10;3
2006maj11;2006.május;Halmazok;Halmazok;11;3
2006maj12;2006.május;Függvények;Függvények;12;4
2006maj13;2006.május;;Összetett;13;12
2006maj14;2006.május;;Összetett;14;12
2006maj15;2006.május;;Összetett;15;12
2006maj16;2006.május;;Összetett;16;17
2006maj17;2006.május;;Összetett;17;17
2006maj18;2006.május;;Összetett;18;17
2006majid1;2006.május idegennyelvű;Halmazok;Halmazok;1;2
2006majid2;2006.május idegennyelvű;Trigonometria;Trigonometria;2;2
2006majid3;2006.május idegennyelvű;Számok és műveletek, számelmélet;Számok és műveletek, számelmélet;3;4
2006majid4;2006.május idegennyelvű;Statisztika;Statisztika;4;2
2006majid5;2006.május idegennyelvű;Függvények;Függvények;5;3
2006majid6;2006.május idegennyelvű;Gráfok;Gráfok;6;2
2006majid7;2006.május idegennyelvű;Logika;Logika;7;2
2006majid8;2006.május idegennyelvű;Számok és műveletek, számelmélet;Számok és műveletek, számelmélet;8;2
2006majid9;2006.május idegennyelvű;Függvények;Függvények;9;2
2006majid10;2006.május idegennyelvű;Kombinatorika;Kombinatorika;10;3
2006majid11;2006.május idegennyelvű;Valószínűségszámítás;Valószínűségszámítás;11;3
2006majid12;2006.május idegennyelvű;Vektorok, koordinátageometria;Vektorok, koordinátageometria;12;3
2006majid13;2006.május idegennyelvű;;Összetett;13;12
2006majid14;2006.május idegennyelvű;;Összetett;14;12
2006majid15;2006.május idegennyelvű;;Összetett;15;12
2006majid16;2006.május idegennyelvű;;Összetett;16;17
2006majid17;2006.május idegennyelvű;;Összetett;17;17
2006majid18;2006.május idegennyelvű;;Összetett;18;17
2006febr1;2006.február;Sorozatok;Sorozatok;1;2
2006febr2;2006.február;Számok és műveletek, számelmélet;Számok és műveletek, számelmélet;2;3
2006febr3;2006.február;Exponenciális és logaritmusos feladatok;Exponenciális és logaritmusos feladatok;3;2
2006febr4;2006.február;Kombinatorika;Kombinatorika;4;2
2006febr5;2006.február;Valószínűségszámítás;Valószínűségszámítás;5;2
2006febr6;2006.február;Számok és műveletek, számelmélet;Számok és műveletek, számelmélet;6;3
2006febr7;2006.február;Számok és műveletek, számelmélet;Számok és műveletek, számelmélet;7;2
2006febr8;2006.február;Gráfok;Gráfok;8;2
2006febr9;2006.február;Egyenletek, egyenlőtlenségek, egyenletrendszerek;Egyenletek, egyenlőtlenségek, egyenletrendszerek;9;2
2006febr10;2006.február;Vektorok, koordinátageometria;Vektorok, koordinátageometria;10;2
2006febr11;2006.február;Számok és műveletek, számelmélet;Számok és műveletek, számelmélet;11;4
2006febr12;2006.február;Halmazok;Halmazok;12;4
2006febr13;2006.február;;Összetett;13;12
2006febr14;2006.február;;Összetett;14;12
2006febr15;2006.február;;Összetett;15;12
2006febr16;2006.február;;Összetett;16;17
2006febr17;2006.február;;Összetett;17;17
2006febr18;2006.február;;Összetett;18;17
2005okt1;2005.október;Számok és műveletek, számelmélet;Számok és műveletek, számelmélet;1;2
2005okt2;2005.október;Számok és műveletek, számelmélet;Számok és műveletek, számelmélet;2;2
2005okt3;2005.október;Trigonometria;Trigonometria;3;3
2005okt4;2005.október;Számok és műveletek, számelmélet;Számok és műveletek, számelmélet;4;2
2005okt5;2005.október;Vektorok, koordinátageometria;Vektorok, koordinátageometria;5;2
2005okt6;2005.október;Számok és műveletek, számelmélet;Számok és műveletek, számelmélet;6;2
2005okt7;2005.október;Vektorok, koordinátageometria;Vektorok, koordinátageometria;7;3
2005okt8;2005.október;Egyenletek, egyenlőtlenségek, egyenletrendszerek;Egyenletek, egyenlőtlenségek, egyenletrendszerek;8;2
2005okt9;2005.október;Gráfok;Gráfok;9;3
2005okt10;2005.október;Síkgeometria;Síkgeometria;10;3
2005okt11;2005.október;Kombinatorika;Kombinatorika;11;3
2005okt12;2005.október;Függvények;Függvények;12;3
2005okt13;2005.október;;Összetett;13;12
2005okt14;2005.október;;Összetett;14;12
2005okt15;2005.október;;Összetett;15;12
2005okt16;2005.október;;Összetett;16;17
2005okt17;2005.október;;Összetett;17;17
2005okt18;2005.október;;Összetett;18;17
2005maj1;2005.május;Vektorok, koordinátageometria;Vektorok, koordinátageometria;1;2
2005maj2;2005.május;Függvények;Függvények;2;2
2005maj3;2005.május;Függvények;Függvények;3;3
2005maj4;2005.május;Síkgeometria;Síkgeometria;4;3
2005maj5;2005.május;Vektorok, koordinátageometria;Vektorok, koordinátageometria;5;2
2005maj6;2005.május;Valószínűségszámítás;Valószínűségszámítás;6;2
2005maj7;2005.május;Trigonometria;Trigonometria;7;3
2005maj8;2005.május;Sorozatok;Sorozatok;8;2
2005maj9;2005.május;Gráfok;Gráfok;9;2
2005maj10;2005.május;Függvények;Függvények;10;2
2005maj11;2005.május;Kombinatorika;Kombinatorika;11;4
2005maj12;2005.május;Térgeometria;Térgeometria;12;3
2005maj13;2005.május;;Összetett;13;12
2005maj14;2005.május;;Összetett;14;12
2005maj15;2005.május;;Összetett;15;12
2005maj16;2005.május;;Összetett;16;17
2005maj17;2005.május;;Összetett;17;17
2005maj18;2005.május;;Összetett;18;17
2005majp1;2005.május pót1;Egyenletek, egyenlőtlenségek, egyenletrendszerek;Egyenletek, egyenlőtlenségek, egyenletrendszerek;1;2
2005majp2;2005.május pót1;Számok és műveletek, számelmélet;Számok és műveletek, számelmélet;2;2
2005majp3;2005.május pót1;Térgeometria;Térgeometria;3;3
2005majp4;2005.május pót1;Síkgeometria;Síkgeometria;4;2
2005majp5;2005.május pót1;Logika;Logika;5;2
2005majp6;2005.május pót1;Síkgeometria;Síkgeometria;6;3
2005majp7;2005.május pót1;Függvények;Függvények;7;2
2005majp8;2005.május pót1;Valószínűségszámítás;Valószínűségszámítás;8;2
2005majp9;2005.május pót1;Trigonometria;Trigonometria;9;2
2005majp10;2005.május pót1;Gráfok;Gráfok;10;2
2005majp11;2005.május pót1;Térgeometria;Térgeometria;11;4
2005majp12;2005.május pót1;Vektorok, koordinátageometria;Vektorok, koordinátageometria;12;4
2005majp13;2005.május pót1;;Összetett;13;12
2005majp14;2005.május pót1;;Összetett;14;12
2005majp15;2005.május pót1;;Összetett;15;12
2005majp16;2005.május pót1;;Összetett;16;17
2005majp17;2005.május pót1;;Összetett;17;17
2005majp18;2005.május pót1;;Összetett;18;17
2005majpp1;2005.május pót2;Egyenletek, egyenlőtlenségek, egyenletrendszerek;Egyenletek, egyenlőtlenségek, egyenletrendszerek;1;2
2005majpp2;2005.május pót2;Számok és műveletek, számelmélet;Számok és műveletek, számelmélet;2;2
2005majpp3;2005.május pót2;Számok és műveletek, számelmélet;Számok és műveletek, számelmélet;3;3
2005majpp4;2005.május pót2;Trigonometria;Trigonometria;4;2
2005majpp5;2005.május pót2;Függvények;Függvények;5;3
2005majpp6;2005.május pót2;Exponenciális és logaritmusos feladatok;Exponenciális és logaritmusos feladatok;6;2
2005majpp7;2005.május pót2;Valószínűségszámítás;Valószínűségszámítás;7;2
2005majpp8;2005.május pót2;Trigonometria;Trigonometria;8;2
2005majpp9;2005.május pót2;Függvények;Függvények;9;2
2005majpp10;2005.május pót2;Gráfok;Gráfok;10;2
2005majpp11;2005.május pót2;Térgeometria;Térgeometria;11;4
2005majpp12;2005.május pót2;Térgeometria;Térgeometria;12;4
2005majpp13;2005.május pót2;;Összetett;13;12
2005majpp14;2005.május pót2;;Összetett;14;12
2005majpp15;2005.május pót2;;Összetett;15;12
2005majpp16;2005.május pót2;;Összetett;16;17
2005majpp17;2005.május pót2;;Összetett;17;17
2005majpp18;2005.május pót2;;Összetett;18;17